MutationCoverage,InvertNegsMutator,ReturnValsMutator,ConditionalsBoundaryMutator,VoidMethodCallMutator,IncrementsMutator,NegateConditionalsMutator,MathMutator,LineCoverage,Project,Tool
0.41808207343,0.58333333332,0.57377049179,0.32071636012,0.25390625,0.36683168317,0.43346587144,0.41811632871,0.6117503945,imaging,evo
0.31758847863,0.65,0.38154746754,0.15911111112,0.31827309237,0.2,0.33889593909,0.258375,0.4458619326,lang,evo
